NAS_path,C:\Johnny\kinsus_Auto_AOI\KinsusAutoAOI\KinsusAutoAOI\bin\Debug\C_local_images\20220519_001\2-J\20220519\20220519001
AI model,C:\Johnny\kinsus_Auto_AOI\KinsusAutoAOI\KinsusAutoAOI\bin\Debug\py\AoiColorModel_ver1_3.onnx
file_name,confidence,prediction
1.JPG,0.99865675,3
12.JPG,0.997233,3
15.JPG,0.9996014,3
17.JPG,0.99999714,0
19.JPG,0.999956,0
21.JPG,0.99546367,3
22.JPG,0.92650807,2
23.JPG,0,4
24.JPG,0.999982,2
26.JPG,0.99983966,0
29.JPG,0.9997352,0
30.JPG,0.9999976,2
31.JPG,0.8520256,3
4.JPG,0.99998164,0
7.JPG,0.9773023,3
9.JPG,0.9996008,3
