NAS_path,C:\Johnny\kinsus_Auto_AOI\KinsusAutoAOI\KinsusAutoAOI\bin\Debug\C_local_images\20220519_001\2-J\20220519\20220519004
AI model,C:\Johnny\kinsus_Auto_AOI\KinsusAutoAOI\KinsusAutoAOI\bin\Debug\py\AoiColorModel_ver1_3.onnx
file_name,confidence,prediction
1.JPG,0.9342509,1
12.JPG,0.9924274,3
15.JPG,0.99971265,1
17.JPG,0.9911685,3
19.JPG,0,4
21.JPG,0.95295244,0
22.JPG,0,4
23.JPG,0.99999034,0
24.JPG,0.999969,0
26.JPG,0.9953649,3
29.JPG,0.9974255,3
30.JPG,0.9999819,3
31.JPG,0.9985967,3
4.JPG,0.99997807,2
7.JPG,0.9999676,1
9.JPG,0.99999857,1
