NAS_path,C:\Johnny\kinsus_Auto_AOI\KinsusAutoAOI\KinsusAutoAOI\bin\Debug\C_local_images\20220519_001\2-J\20220519\20220519002
AI model,C:\Johnny\kinsus_Auto_AOI\KinsusAutoAOI\KinsusAutoAOI\bin\Debug\py\AoiColorModel_ver1_3.onnx
file_name,confidence,prediction
1.JPG,0.93057597,0
12.JPG,0,4
14.JPG,0.99972147,0
15.JPG,0.9999362,0
17.JPG,0,4
19.JPG,0.9999157,1
21.JPG,0.99856097,1
22.JPG,0.99999905,1
23.JPG,0.9992632,3
25.JPG,0,4
28.JPG,0.99981457,3
30.JPG,0.99999607,3
31.JPG,0.9660872,3
32.JPG,0.93716544,0
33.JPG,0.99982685,3
4.JPG,0.99999154,2
9.JPG,0.9999932,2
