<?xml version="1.0" encoding="utf-8"?>
<PConfig xmlns:xsi="http://www.w3.org/2001/XMLSchema-instance" xmlns:xsd="http://www.w3.org/2001/XMLSchema">
  <Product_Name>1116</Product_Name>
  <AI_Unknown_Threshold>90</AI_Unknown_Threshold>
  <AI_ModelPath>./AoiGrayModel_ver1_3.onnx</AI_ModelPath>
  <NG_Defectcode1>CP00</NG_Defectcode1>
  <NG_Defectcode2>CP08</NG_Defectcode2>
  <NG_Defectcode3>DR02</NG_Defectcode3>
  <NG_Defectcode4>CP03</NG_Defectcode4>
  <PASS_Defectcode>PASS</PASS_Defectcode>
  <Repairable_Defectcode>RS00</Repairable_Defectcode>
  <Nonrepair_Defectcode>RS99</Nonrepair_Defectcode>
  <Unknown_Defectcode>NONE</Unknown_Defectcode>
  <Bypass_List />
  <Bypass_StringList />
</PConfig>