<?xml version="1.0" encoding="utf-8"?>
<PConfig xmlns:xsi="http://www.w3.org/2001/XMLSchema-instance" xmlns:xsd="http://www.w3.org/2001/XMLSchema">
  <Product_Name>Gray_default</Product_Name>
  <AI_Unknown_Threshold>90</AI_Unknown_Threshold>
  <AI_ModelPath>C:\Johnny\kinsus_Auto_AOI\KinsusAutoAOI\KinsusAutoAOI\bin\Debug\py\AoiGrayModel_ver1_3.onnx</AI_ModelPath>
  <NG_Defectcode>RS01</NG_Defectcode>
  <PASS_Defectcode>PASS</PASS_Defectcode>
  <Repairable_Defectcode>IT00</Repairable_Defectcode>
  <Nonrepair_Defectcode>RS02</Nonrepair_Defectcode>
  <Unknown_Defectcode>NONE</Unknown_Defectcode>
  <Bypass_List />
  <Bypass_StringList />
</PConfig>