<?xml version="1.0" encoding="utf-8"?>
<PConfig xmlns:xsi="http://www.w3.org/2001/XMLSchema-instance" xmlns:xsd="http://www.w3.org/2001/XMLSchema">
  <Product_Name>product_1</Product_Name>
  <AI_Unknown_Threshold>60</AI_Unknown_Threshold>
  <AI_ModelPath>C:\Johnny\kinsus_Auto_AOI\KinsusAutoAOI\KinsusAutoAOI\bin\Debug\py\AoiColorModel_ver1_3.onnx</AI_ModelPath>
  <NG_Defectcode>IT02</NG_Defectcode>
  <PASS_Defectcode>IT01</PASS_Defectcode>
  <Repairable_Defectcode>IT03</Repairable_Defectcode>
  <Nonrepair_Defectcode>IT04</Nonrepair_Defectcode>
  <Unknown_Defectcode>NONE</Unknown_Defectcode>
  <Bypass_DefectList>
    <MaterialListBoxItem>
      <Text>555</Text>
      <SecondaryText />
    </MaterialListBoxItem>
  </Bypass_DefectList>
</PConfig>