<?xml version="1.0" encoding="utf-8"?>
<SConfig xmlns:xsi="http://www.w3.org/2001/XMLSchema-instance" xmlns:xsd="http://www.w3.org/2001/XMLSchema">
  <System_Name>system_default</System_Name>
  <Import_Path>.\Import_folder</Import_Path>
  <Monitor_Frequency>5</Monitor_Frequency>
  <Delay_After_Monitor>5</Delay_After_Monitor>
  <RejudgeCenter_ip>127.0.0.2</RejudgeCenter_ip>
  <RejudgeCenter_Timeout>50</RejudgeCenter_Timeout>
  <RejudgeCenter_port>9001</RejudgeCenter_port>
  <Local_Sharefolder>.\local_images</Local_Sharefolder>
  <Backup_folder>.\backup</Backup_folder>
  <CSV_folder>.\csv_folder</CSV_folder>
  <Mode>true</Mode>
  <Workpath>.\py</Workpath>
  <WorkName>test</WorkName>
  <Now_Monitor_Time>0001-01-01T00:00:00</Now_Monitor_Time>
  <Catch_Rate>0.2</Catch_Rate>
</SConfig>