<?xml version="1.0" encoding="utf-8"?>
<SConfig xmlns:xsi="http://www.w3.org/2001/XMLSchema-instance" xmlns:xsd="http://www.w3.org/2001/XMLSchema">
  <System_Name>Gray_default</System_Name>
  <ExportFolder_List>
    <MaterialListBoxItem>
      <Text>C:\Johnny\kinsus_Auto_AOI\KinsusAutoAOI\KinsusAutoAOI\bin\Debug\AiExport</Text>
      <SecondaryText />
    </MaterialListBoxItem>
  </ExportFolder_List>
  <Import_Path>C:\Johnny\kinsus_Auto_AOI\KinsusAutoAOI\KinsusAutoAOI\bin\Debug\G_AiImport</Import_Path>
  <Monitor_Frequency>5</Monitor_Frequency>
  <Delay_After_Monitor>2</Delay_After_Monitor>
  <RejudgeCenter_ip>127.0.0.1</RejudgeCenter_ip>
  <RejudgeCenter_Timeout>50</RejudgeCenter_Timeout>
  <RejudgeCenter_port>9001</RejudgeCenter_port>
  <Local_Sharefolder>C:\Johnny\kinsus_Auto_AOI\KinsusAutoAOI\KinsusAutoAOI\bin\Debug\G_local_images</Local_Sharefolder>
  <Backup_folder>C:\Johnny\kinsus_Auto_AOI\KinsusAutoAOI\KinsusAutoAOI\bin\Debug\G_backup</Backup_folder>
  <CSV_folder />
  <Mode>false</Mode>
  <Workpath>C:\Johnny\kinsus_Auto_AOI\KinsusAutoAOI\KinsusAutoAOI\bin\Debug\py\</Workpath>
  <WorkName>test</WorkName>
  <Now_Monitor_Time>0001-01-01T00:00:00</Now_Monitor_Time>
  <Backup_worklist />
  <Catch_Rate>0.2</Catch_Rate>
</SConfig>