<?xml version="1.0" encoding="utf-8"?>
<SConfig xmlns:xsi="http://www.w3.org/2001/XMLSchema-instance" xmlns:xsd="http://www.w3.org/2001/XMLSchema">
  <System_Name>system_1</System_Name>
  <ExportFolder_List>
    <MaterialListBoxItem>
      <Text>C:\Johnny\kinsus_Auto_AOI\Import_Folder1</Text>
      <SecondaryText />
    </MaterialListBoxItem>
    <MaterialListBoxItem>
      <Text>C:\Johnny\kinsus_Auto_AOI\Import_Folder2</Text>
      <SecondaryText />
    </MaterialListBoxItem>
  </ExportFolder_List>
  <Import_Path>C:\Johnny\Import_Folder</Import_Path>
  <Monitor_Frequency>6000</Monitor_Frequency>
  <Delay_After_Monitor>7</Delay_After_Monitor>
  <RejudgeCenter_ip>127.0.0.2</RejudgeCenter_ip>
  <RejudgeCenter_Timeout>60000</RejudgeCenter_Timeout>
  <RejudgeCenter_port>9002</RejudgeCenter_port>
  <Local_Sharefolder>C:\Johnny\local_images</Local_Sharefolder>
  <Backup_folder>.\backup</Backup_folder>
  <Workpath>C:\Johnny\kinsus_Auto_AOI\KinsusAutoAOI\KinsusAutoAOI\bin\Debug\py\</Workpath>
  <WorkName>test</WorkName>
  <Now_Monitor_Time>0001-01-01T00:00:00</Now_Monitor_Time>
  <Backup_worklist />
</SConfig>