Filename,Defect Id,Defect Code,AIscore,AIdefectcode
39202f66-9430-480c-b85f-dcbad80e0bad.jpg,1,Dont Care,0.99,RS01
1e915b17-cb84-43dd-b60e-f6646af3e798.jpg,2,0000,0.01,PASS
a589d727-8e34-4df7-85ad-7768fcc26582.jpg,3,Short,0.01,PASS
994b7d50-6933-420e-b8c5-83b5d80a596b.jpg,4,Dont Care,0.99,IT00
262e243b-e3c2-4b88-a7a6-f0d3535ea207.jpg,5,0000,0.01,PASS
f3c92f23-1822-4250-8636-74704ea6fd19.jpg,6,Dont Care,0.01,PASS
4768a720-2480-4cfb-8a1f-3c7466e3b5c9.jpg,7,Dont Care,-1,NONE
84e48b21-4a6d-4920-8c9d-a0d9db89c81b.jpg,8,Dont Care,0.01,PASS
67833de8-277c-4fb2-932f-eeeebbce8d03.jpg,9,Dont Care,0.99,IT00
1f314c12-8611-44c6-9604-d472def4e1d2.jpg,10,Dont Care,0.99,RS02
834beddf-e04e-4844-a825-6aa8d8153eb4.jpg,11,Dont Care,0.99,RS02
7924c066-48f9-4354-804a-90f4dcd09246.jpg,12,0000,0.01,PASS
a0c8eebe-f46b-4bd6-b10a-7a7b53a4aacb.jpg,13,Dont Care,0.01,PASS
0c44585c-93b2-4820-83ba-fe5f19f6dcf5.jpg,14,Dont Care,0.01,PASS
996015b5-30c2-4ec2-8701-57326a5100d1.jpg,15,Dont Care,-1,NONE
46a7030c-9dca-4e72-835a-3224e7d0d3c3.jpg,16,0000,0.01,PASS
bba5baf3-39af-411b-983e-7ae8a92552d3.jpg,17,Dont Care,0.99,RS01
6b287da6-238e-4778-b2ae-dcf421258356.jpg,18,Dont Care,0.99,RS02
ffc622e0-b869-4533-9c18-3bddd74413f1.jpg,19,Dont Care,-1,NONE
4d945295-1caa-4549-9ac5-8e41e6ee3c30.jpg,20,Dont Care,0.01,PASS
4cb89859-90fd-40a8-906d-773d3b3e7e53.jpg,21,Dont Care,0.99,RS02
87269670-c3ca-4995-ab72-a731f5241024.jpg,22,0000,0.99,RS02
737a0fc1-b18d-4361-9cc5-b6b8884bacd8.jpg,23,Dont Care,-1,NONE
0f92390d-cdcd-45b6-b97d-e533259e95eb.jpg,24,Dont Care,0.99,RS01
8df37d87-0286-4509-a4bc-d509ffbc1676.jpg,25,0000,0.99,RS02
24708c1c-247b-4946-81c9-fdd63e9d442c.jpg,26,Dont Care,0.01,PASS
6be3d5f2-81be-46be-a633-b7a48d85bbd5.jpg,27,0000,0.01,PASS
b189d4ff-c8f7-4eb5-8d09-62604e9cedb7.jpg,28,0000,0.99,RS02
cfe86b7e-04a5-454d-9eba-e65a48f67ffa.jpg,29,Dont Care,0.99,RS02
f208bf4c-d563-471a-8a7a-72e225f71096.jpg,30,0000,0.99,IT00
c4209f2f-0759-4c1b-b3f5-6c3f5b0a5870.jpg,31,Dont Care,0.01,PASS
