Filename,Defect Id,Defect Code,AIscore,AIdefectcode
7b27acce-936f-408b-b93f-0a4e1d5ae844.jpg,1,9999,-1,NONE
ee3c24d2-5f97-4005-b0b8-9fdbd6d2cc44.jpg,2,Short,0.01,PASS
f15b6048-be07-4d98-aa4c-b826552511d3.jpg,3,Short,0.01,PASS
e22ee0af-316e-46a0-a2b7-669ff719f122.jpg,4,Short,-1,NONE
7c657473-387d-4bf0-a610-ebb282c6ef40.jpg,5,IT00,0.01,PASS
abe16fae-909f-4f54-9980-f6ad0a1b4521.jpg,6,Short,0.01,PASS
17c7688c-ccaa-4d08-886e-9b87598333dd.jpg,7,Dont Care,0.01,PASS
661d00d3-2c0c-4a01-a096-084c890577b3.jpg,8,9999,0.01,PASS
2745f3ae-d47f-456a-bc34-bc2821cf9106.jpg,9,Dont Care,0.99,RS02
ff8ee858-18c8-4263-be7a-49bae7641295.jpg,10,CP00,0.99,RS02
ddde00d7-19fc-40b9-b7e8-c85c05ca05b2.jpg,11,Dont Care,0.99,RS02
e61e826a-734c-4748-8781-7b13ebad0a7d.jpg,12,CP00,0.99,RS02
48b8be5b-0aa4-4f77-8771-51a2d33fa661.jpg,13,Short,0.01,PASS
82ac172f-417e-4248-96b9-8a93f6240d2b.jpg,14,0000,0.99,IT00
9975f449-6743-4802-8932-d44a9a0c01f7.jpg,15,0000,0.99,IT00
fe3b7259-b903-4c7a-9cce-2daa9a25f957.jpg,16,Short,0.01,PASS
b936b311-ca0d-4265-88ad-6687bdecbbd5.jpg,17,Open,0.01,PASS
b48c9a2c-bb27-4f42-8086-2bcb10715af1.jpg,18,Open,0.99,RS02
099766a5-55a5-4ddd-b003-f224e4c36767.jpg,19,CP00,0.99,IT00
85fb6aab-bf2e-4758-80f8-32bb9edf3db0.jpg,20,0000,0.01,PASS
4b6a8ec3-1b4b-4dad-bab8-974f81ae94af.jpg,21,Dont Care,0.99,IT00
1ec4cbc7-fd07-4059-9195-0012d5599c9b.jpg,22,Dont Care,0.99,RS01
805da841-8b97-447f-8255-8e3daa9b393d.jpg,23,Open,0.01,PASS
67c064e2-ea0a-4817-9a19-ed6371bb0a14.jpg,24,Dont Care,0.01,PASS
676e4b1f-f4ba-46f8-8b9d-fd18b3e66fea.jpg,25,0000,0.99,RS01
48ca1339-1c92-4085-a3f9-3653f9490bef.jpg,26,0000,0.99,RS02
126af37c-52d4-47c7-aa1c-fcace3d0c8a5.jpg,27,0000,0.99,RS02
00e45227-9019-4eb7-ba32-404e4fd46dcb.jpg,28,Dont Care,0.99,RS02
ba7f042f-0996-4dae-9014-3daea1a25b03.jpg,29,0000,0.01,PASS
a1fb664c-ccaa-4dc1-8765-16def7ae64a6.jpg,30,0000,0.99,RS02
10eb369e-e024-4d71-8f20-0602355935fc.jpg,31,0000,-1,NONE
86825cc6-2a22-43a6-b366-e23b262256a6.jpg,32,0000,0.99,RS02
a2f37b6a-e021-4459-931d-086579c129ca.jpg,33,Dont Care,0.99,IT00
