<?xml version="1.0" encoding="utf-8"?>
<UIText xmlns:xsi="http://www.w3.org/2001/XMLSchema-instance" xmlns:xsd="http://www.w3.org/2001/XMLSchema">
  <NAME>CHT</NAME>
  <ButtonUnknown>UNKNOWN</ButtonUnknown>
  <ButtonCanRepair>可修</ButtonCanRepair>
  <ButtonNoRepair>不可修</ButtonNoRepair>
  <ButtonNextPage>下一頁</ButtonNextPage>
  <ButtonPrePage>上一頁</ButtonPrePage>
  <ButtonFinish>完成</ButtonFinish>
  <CheckBoxAllCatalog>開啟所有類別按鍵</CheckBoxAllCatalog>
</UIText>